domain,action
00000onlinecasino.com,add
000333onlinecasino.com,add
000777triplewin.com,add
007sportsbetting.com,add
00casino.com,add
01-online-casino.com,add
01casinos.com,add
01poker.fr,add
01turf.com,add
0casino-online.com,add
0casinoonline.com,add
0internet-casino.com,add
0virtual-casino.com,add
1-blackjack.com,add
1-casino-gambling-online.com,add
1-online-casinos-guide.com,add
1-poker-games-online.com,add
100blackrhino.com,add
100pour100-gratuit.com,add
1010casino.com,add
123-onlinecasino.com,add
123gambling.com,add
123onlinecasino.com,add
1980-games.com,add
1bet.com,add
1jour1pari.com,add
1luckygamblercasino.com,add
1stnflpicks.com,add
1stplacecasino.com,add
200pour100.fr,add
200pourcent.fr,add
209.8.180.34.com,add
20dollars2surf.com,add
20dollarspass.com,add
21grandcasino.net,add
21onlinecasino.com,add
21st-century-casino.com,add
24kbets.com,add
30top-casinos-france.net,add
32red.com,add
32vegas.com,add
38-special-casino.com,add
3bvideostar.fr,add
3dgamers.com,add
3gamers.com,add
40casino.com,add
49ercasino.com,add
4cherrycasino.com,add
4jokerscasino.com,add
50starscasino.com,add
576.hu,add
5dimes.com,add
6sixsix.com,add
770.com,add
7casinoonline.com,add
888.com,add
888.fr,add
888casino.info,add
8casinos.com,add
91dapai.cn,add
a-baccarat-casino.com,add
a1vegas.com,add
aaaonlinecasino.com,add
abcgambling.com,add
abetawaycasino.com,add
aboutbingoonline.com,add
absolu-casino.com,add
absolucasino.com,add
absoluflash.com,add
absolutepoker.com,add
absolutist.com,add
abysscasino.com,add
accasino.net,add
accreditedcasinos.com,add
acesclubcasino.com,add
acesgoldcasino.com,add
aceshighonlinecasino.com,add
aceskasino.com,add
acespalace.com,add
achla-casino.com,add
actioncitycasino.com,add
actionsportscasino.com,add
ad0.gamesweb.com,add
adimg1.gamesweb.com,add
admiralbet.com,add
adonfff.com,add
adventurecompanygames.com,add
agagames.com,add
agamblingcasino.com,add
aimgames.com,add
airportcasino.de,add
akiracasino.com,add
aladdinsgoldcasino.com,add
alienvspredatormovie.com,add
allbet.gr,add
allgames.gamesh.com,add
allmagic.ru,add
allonlineslots.com,add
allpokercasino.com,add
allslotscasino.com,add
allsportscasino2.com,add
allstarslots.com,add
alpencasino.com,add
alpscasino.com,add
amazinggamblingsystems.com,add
ambercoastcasino.com,add
ambrosine.com,add
americanacasino.com,add
amigasolitaire.free.fr,add
anime-game-osts.com,add
antiguagaming.com,add
aom.heavengames.com,add
apexsportsbook.com,add
aquateencentral.com,add
aqvacasino.com,add
arcadeabyss.com,add
arcadecasino.com,add
argentdunetinfos.org,add
argentmania.com,add
argentsurlenet.com,add
aroundthesims.com,add
artgamer.com,add
arushgames.com,add
asiacasino.com,add
asianalternative.com,add
astuces-jeux.net,add
atbforum.com,add
athomesportsbook.com,add
atlantis-evolution.tacgames.com,add
avalanchecasino.com,add
avatarcasino.com,add
avdpoker.com,add
avp-movie.com,add
axelgame.free.fr,add
axygames.com,add
aztecgaming.com,add
bamboocasino.com,add
banalotto.fr,add
bananalotto.fr,add
bancoloto.com,add
barakacasino.com,add
barbarycoastcasino.com,add
barre-de-surf.fr,add
bekendenederlanders.nl,add
bellavegas.com,add
belmontcasino.com,add
berrycherry.com,add
best-gambling.biz,add
best-pronostic.com,add
bestcasinocomps.com,add
bestcasinoguide.com,add
bet-at-home.com,add
bet2play.com,add
bet365.com,add
bet365.gr,add
betandwin.com,add
betandwin.de,add
betcash.biz,add
betcentral.com,add
betclic-mobile.fr,add
betclic.com,add
betclic.fr,add
betclick-mobile.fr,add
betclick.com,add
betclick.fr,add
betclickmobile.fr,add
betclicmobile.fr,add
betdaq.co.uk,add
betfair.com,add
betfairgames.com,add
betnet.fr,add
betonsports.com,add
betoto.com,add
betoto.gr,add
betshop.gr,add
betsson.com,add
betsson.se,add
better-betting.com,add
better.it,add
betterwaycasinos.com,add
bettheglobe.com,add
betuscasino.com,add
betuwincasino.com,add
betway.com,add
betwin-poker.com,add
betzone.com,add
big-ptp.fr,add
bigapple-casino.com,add
bigcatcasino.com,add
bigredcasino.com,add
bilyoner.com,add
bingopalace.com,add
black-jack-casino.com,add
blackcatcasino.com,add
blackcatscasino.com,add
blackjack-gratuit.com,add
blackjack-homepage.com,add
blackjack-online.20m.com,add
blackjackballroom.com,add
blacktiecasino.com,add
bluediamondcasino.com,add
bluesq.com,add
boathousecasino.com,add
bodogcasino.com,add
bodoglife.com,add
bonus-jeu-casino.com,add
bonus-jeux-casino-poker.com,add
bonusaupoker.com,add
bonuspluscasino.monsite.orange.fr,add
bookmaker.com,add
booksforgamblers.com,add
booloto.com,add
boutique-cadeaux.info-commerce.fr,add
bowmanbet.com,add
brightshare.com,add
bubusurf.fr,add
buckyscasino.com,add
bwin.com,add
bwin.com.ar,add
bwin.fr,add
bwin.org,add
c0mment-gagner.org,add
cabanacasino.com,add
cachecasinolasvegas.com,add
cacheeuro-casinos.net,add
cachewww.cpays.com,add
cachewww.prestigecasino.com,add
cadeaux-poker.com,add
cadillacjacksresort.com,add
cadomagic.com,add
californiacasino.com,add
cameocasino-fr.com,add
campuspokermasters.com,add
captaincookscasino.com,add
carbonpoker.com,add
caribbeannightscasino.com,add
caribbeanstarcasino.com,add
caribbeanstudpokerrule.com,add
caribbeansunpoker.com,add
caribbeantreasurecasino.com,add
carribbeanpoker.co.uk,add
cashbreak.com,add
cashcitycasino.com,add
cashclic.fr,add
cashmonsterscasino.com,add
cashpot.fr,add
casino-4fun.com,add
casino-aladdin-web.com,add
casino-and-casinos.com,add
casino-atlantis.com,add
casino-broceliande.com,add
casino-choice.com,add
casino-club.com,add
casino-en-ligne.fr.vu,add
casino-fr-online.info,add
casino-games-free.com,add
casino-gaming.com,add
casino-golden-poker.be,add
casino-in-linea.it.st,add
casino-internet.info,add
casino-jeux-argent.fr,add
casino-kassel.de,add
casino-online-on-line.com,add
casino-pariswin.com,add
casino-partouche.com,add
casino-poker.ch,add
casino-rentable.com,add
casino-searcher.com,add
casino-sh.de,add
casino-slot.net,add
casino-sportsbetting-directory.com,add
casino-star.info,add
casino-titanic.com,add
casino-tropez-fr.com,add
casino-world.co.uk,add
casino.co.uk,add
casino.com,add
casino.free-money.co.uk,add
casino.plein.nl,add
casino2007.biz,add
casino21.com,add
casino4turks.com,add
casino770.com,add
casinoadvertising.org,add
casinoalitalia.com,add
casinoasian.com,add
casinoaustralia.com,add
casinoavalanche.com,add
casinobeauty.com,add
casinobellini.com,add
casinoblue.com,add
casinobluestar.com,add
casinobonusguy.com,add
casinobonusplus.topbonplan.fr,add
casinocamelot.com,add
casinocareers.com,add
casinocaribe.com,add
casinocasinocasino.site.voila.fr,add
casinochique.com,add
casinocity.com,add
casinoclassic.com,add
casinocoins.com,add
casinocorp.com,add
casinocorpsportsbook.com,add
casinocounty.com,add
casinodelasvegas.com,add
casinodelrio-fr.com,add
casinodelrio.com,add
casinodinero.com,add
casinoebet.com,add
casinoelegante.com,add
casinoeu.com,add
casinoeuro.com,add
casinoexperience.com,add
casinoextreme.com,add
casinofashion.com,add
casinofreebonus.com,add
casinogambler.net,add
casinogambling.about.com,add
casinogamblingfun.com,add
casinogane.com,add
casinogane.net,add
casinogold.com,add
casinogoldenriviera.com,add
casinogoldvip.com,add
casinograndbay.com,add
casinograndprix.com,add
casinogratuitenligne.net,add
casinohunt.com,add
casinoinc.com,add
casinoinform.freehomepage.com,add
casinoinn.com,add
casinoitalian.com,add
casinokats.com,add
casinoking.com,add
casinolasvegas-online.com,add
casinolasvegas.com,add
casinolatinos.com,add
casinolifemagazine.com,add
casinolove.com,add
casinoluck.com,add
casinolux.com,add
casinoluxor.com,add
casinomatic.com,add
casinonational.com,add
casinoofthekings.com,add
casinoonnet.com,add
casinoorient.com,add
casinopacific.com,add
casinopartouche.org,add
casinopicnic.com,add
casinoplanete.com,add
casinoplayer.com,add
casinoplayersadvocate.com,add
casinoplaza.com,add
casinoposeidon.com,add
casinoprestige.co.uk,add
casinopromote.com,add
casinopromotion.com,add
casinoriva.com,add
casinorivernile.com,add
casinos-hits.com,add
casinos-jackpots.net,add
casinos-neteller.com,add
casinos.9-online.com,add
casinos.stills.com,add
casinos2go.com,add
casinosandco.com,add
casinoscout.com,add
casinosenlaweb.com,add
casinosflash.com,add
casinosforfun.com,add
casinoshare.eu,add
casinoslotmachine.org,add
casinoslotmachinegames.com,add
casinosoft.com,add
casinosonlinecasinos.org,add
casinospielen.de,add
casinosplendido.com,add
casinosur.com,add
casinotechnieken.nl,add
casinotokyo.com,add
casinotop10.net,add
casinotreasure.com,add
casinotropez.com,add
casinotrust.com,add
casinouniverse.com,add
casinoutopia.com,add
casinovations.com,add
casinovegasusa.com,add
casinovirtuel.net,add
casinoweb.org,add
casinoxl.nl,add
casion-casino.com,add
cassava.net,add
casualpoker.com,add
ccasino.com,add
cdpoker.com,add
cdpoker.fr,add
celllottery.com,add
centrebet.com,add
champagnecasino.com,add
charlotteaupoker.com,add
chat.orion.de,add
chatter.uol.com.br,add
cheatland.com,add
cherrycasino.com,add
cherryredcasino.com,add
chilipari.fr,add
chilipoker.com,add
cleopatras-casino.com,add
cleopatraspalacecasino.com,add
club-de-poker.fr,add
club8casino.com,add
club8casino.net,add
clubchance.com,add
clubmardigrascasino.com,add
clubpoker.net,add
clubriocasino.com,add
clubvipcasino.com,add
cncrenegade.com,add
cocoricode.com,add
codecasino.com,add
codeland.fr,add
codeotop.com,add
codes-gratis.com,add
codeskado.com,add
comment-gagne.org,add
commentgagner.org,add
competitivechallenge.com,add
coralpoker.com,add
cotedazurpalace.com,add
coupedumonde-pari.fr,add
cowboycasino.net,add
craps.com,add
crazyslots.com,add
crocastuce.fr,add
cyberbetcasino.com,add
cybersportsbet.com,add
datdrop.com,add
defeatthecasinos.com,add
demo-jeux-casino.mondo-casinos.com,add
desdelasvegas.com,add
devenir-gangster.com,add
diamondclubcasino.com,add
directlinecasino.com,add
distribucodes.com,add
doubledowncasino.com,add
download-slotmachines.com,add
doylesroom.com,add
dragoncasino.com,add
dumbcasinowomen.com,add
dutchtalk.com,add
e-casino.tv,add
e-lottery-syndicat-mondial.fr.nr,add
e777.net,add
easybets.com,add
easyrollerscasino.com,add
egyptiangoldcasino.com,add
ellis-island-online-casino.com,add
elsanjuancasino.com,add
empirepoker.com,add
enfer-des-codes.net,add
eurobarre.com,add
eurogrand.com,add
eurojeux.hbg.fr,add
europaacasino.com,add
europacasino-fr.com,add
europacasino.com,add
european-poker.com,add
europoker.com,add
eurosportbet.fr,add
eurovore.com,add
everestpoker.com,add
everestpoker.fr,add
everestpoker.net,add
eworldcasino.com,add
excelsiorcasino.com,add
exoticslotscasino.com,add
expekt.com,add
ez-lotto.com,add
ezmoneycasino.com,add
eznetcasino.com,add
fairplaycasino.com,add
fairpoker.com,add
fashioncasino.com,add
favoritecasinos.com,add
fcasino.net,add
fdj.directinet.fr,add
fdj.fr,add
fdjeux.net,add
femalegamblers.org,add
fiestacasino.com,add
findgambling.us,add
firstbet.fr,add
firstwebcasino.com,add
flashvegas.com,add
flopturnriver.com,add
football-dimension.com,add
football-pari.fr,add
football365.fr,add
fortunelounge.com,add
forum.cf-poker.com,add
forumdujoueur.com,add
foxtee.com,add
foxwoods.com,add
fr.bananalotto.com,add
fr1.bananalotto.com,add
france-abonnements.fr,add
france-pari.fr,add
fre-free-games.com,add
free-casino-game.org,add
free-gambling-online.com,add
free-picks.com,add
free-poker.jwtl.com,add
free.jeux-poker-casino.com,add
freecasinocash.4t.com,add
freecasinomoney4u.com,add
freelotto.com,add
freeonline-casinos.net,add
freesb.com,add
freeslot.com,add
french.eurokingclub.com,add
friendbet.fr,add
fulltiltpoker.com,add
fulltiltpoker.fr,add
funmagicjackpot.com,add
furby.com,add
gagnerpartager.fr,add
gagnez-argent.org,add
galabackgammon.org,add
galacasino.co.uk,add
galaxiworld.com,add
gambleonline.org,add
gamblepicks.com,add
gamblerplace.com,add
gamblerplanet.com,add
gamblersguideonline.com,add
gamblersuniverse.com,add
gamblersworld.com,add
gamblerszoo.com,add
gamblesite.com,add
gamblestreet.com,add
gambletribune.org,add
gambleup.com,add
gambling-affiliation.com,add
gambling-directory.tv,add
gambling-gazette.com,add
gambling-strategy.net,add
gambling-tips.net,add
gambling-tutorial.com,add
gambling.com,add
gambling.nl,add
gamblingcity.net,add
gamblingfaq.net,add
gamblinglinks.com,add
gamblinglinks.net,add
gamblingplanet.org,add
gamblingsoftware.com,add
gamblingtimes.com,add
gamebookers.fr,add
games.co.uk,add
gametimecasino.com,add
gametips.nl,add
gamingandcasinofund.com,add
gamingclub.com,add
gangsta-poker.com,add
geishalounge.com,add
gemcasino.com,add
genybet.fr,add
go4millionscasino.com,add
gocasino.com,add
gokjewagen.nl,add
goldclubcasino.com,add
goldcoastcasino.com,add
goldencoastcasino.com,add
goldengambler.com,add
goldenjeux.net,add
goldenpalacenv.com,add
goldenpalacepoker.com,add
goldenreefcasino.com,add
goldenrivieracasino.com,add
goldenrivierapoker.com,add
goldentigercasino.com,add
goldminecasino.com,add
goldstarcasino.com,add
goldstrikecasino.com,add
gonegambling.com,add
grandcentralcasinos.com,add
grandhotelcasino.com,add
grandjeu-cdiscount-casino.com,add
grandmondial.com,add
grandscasinos.com,add
grandviewproducts.com,add
gratisgokkasten.nl,add
gratispokergeld.nl,add
grattage.com,add
greatwaygambling.net,add
grosvenorcasinos.com,add
guide-casino.com,add
gurutracker.com,add
harrahs.com,add
hawaiiancasino.com,add
highrollercasino.com,add
hipodromosanisidro.com,add
hold-em-poker.com,add
hold-em-poker.eu,add
holdemweb.com,add
holdemweb.net,add
homepokertourney.com,add
hooliganweb.com,add
hotluckgambling.net,add
how-to-cheat-the-casinos.com,add
ibetcasino.com,add
ilovebacon.com,add
imperialcasino.com,add
imperialpoker.com,add
indexbetting.net,add
infobarre.perso.sfr.fr,add
infos-casino.com,add
instacashcasino.com,add
instantcashcasino.com,add
interbetcasino.com,add
intercasino.com,add
intercasinopoker.com,add
internetcasinosgambling.com,add
internetgambler.com,add
internetvirtualcasino.com,add
interpoker.com,add
interwetten.com,add
intralot.fr,add
intralotpari.fr,add
iogaffiliate.com,add
iwon.com,add
jackpotcity.com,add
jackpotplus.com,add
jackpotsinaflash.com,add
jacksorbettervideopoker.com,add
jajio.com,add
jamaicabaycasino.com,add
jeu-casino.net,add
jeu-casino.showbizmusic.com,add
jeudecasino.com,add
jeudecasino.org,add
jeudepoker.org,add
jeudepokergratuit.org,add
jeudunet.com,add
jeux-casino-gratuit.com,add
jeux-casino-gratuits.com,add
jeux-casino.com,add
jeux-de-casino.ws,add
jeux-de-casinos-gratuits.com,add
jeux-de-casinos.com,add
jeux.casino.en.ligne.free.fr,add
jeux365.fr,add
jeuxcasino-fr.com,add
jeuxcasino.info,add
jeuxdecasinogratuit.com,add
jeuxdecasinogratuits.com,add
jeuxdecasinogratuits69.com,add
jeuxdepoker.fr,add
jeuxdepoker.org,add
jeuxdepokergratuit.com,add
joa-club.fr,add
joa-online.fr,add
joaclub.fr,add
joaonline.fr,add
jokerswildcasino.com,add
joueraucasino.com,add
joueraupoker.pro,add
jouercasino.eu,add
jouerpokergratuit.com,add
juegatusuerte.com,add
juegosdecasino.us,add
jugarenlasvegas.com,add
jupitercasino.com,add
jupiterclub.com,add
justgamble.com,add
k-poker.com,add
k-poker.fr,add
kasynopoker.com.pl,add
kdo-squatte.net,add
kdopoints.com,add
keno-info.com,add
kingislandcasino.com,add
kingoloto.com,add
kingsolomons.com,add
kino-dom.tv,add
kiwicasino.com,add
kodgratos.com,add
la-caverne-de-dragon.fr,add
labetedesjeux.com,add
laboitakados.com,add
ladbrokespoker.com,add
lakepalace.com,add
laruletadelafortuna.net,add
lasvegashotelscasinos.com,add
leguidecasino.com,add
leoscasino.com,add
leparadisdesjoueurs.com,add
lesjeuxgratuits.com,add
leturf.fr,add
liga365.com,add
live-gambling-casino.com,add
lmspoker.com,add
los-casinos-online.es,add
lotteryus.com,add
lotto-berlin.de,add
lottogenius.com,add
lovecasinowomen.com,add
luckyacepoker.com,add
luckycasinodeluxe.com,add
luckydabberbingo.com,add
luckyjeux.fr,add
magazine-casino.com,add
majesticcasino.com,add
mansion.com,add
mansioncasino.com,add
mansionpoker.com,add
mapau.com,add
marscasino.com,add
mayancasino.com,add
megawincasino.com,add
meilleurs-casino.net,add
merlincasino.com,add
mescasinos.org,add
metropoker.fr,add
microgaming-online-casinos.us,add
microgaming.com,add
microgaming.eu,add
millionairecasino.com,add
minivegascasino.com,add
mjcasino.hk,add
mohegansun.com,add
moneyfanclub.com,add
monjackpot.com,add
monsieur-casino.com,add
monsieur-casinos-bonus.net,add
monte-casino.com,add
morongocasinoresort.com,add
mr302sgirl.tripod.com,add
multicasino.com,add
multiplayervideopoker.com,add
mummysgold.com,add
my-mafia-city.net,add
mybet.com,add
mybookie.ag,add
mybookie.com,add
mycasinopinions.com,add
mycasinoreviews.net,add
mypok.fr,add
neopoker.fr,add
nesine.com,add
netsitegaming.com,add
newcasinoseason.com,add
newicsteam.com,add
newyorkbets.com,add
newyorkcasino.com,add
nilecasino.com,add
noblepoker.com,add
nodeposit-casinos.com,add
nodepositonlinecasinos.net,add
nyccasino.com,add
o-poker.net,add
officialpokerrankings.com,add
offshore-gambling.org,add
offshore.ipbhost.com,add
online-casino-007.com,add
online-casino-betting.com,add
online-casino-bingo.co.uk,add
online-casino-directory.com,add
online-casino-gambling.com,add
online-casino-gaming.org,add
online-casino-pro.sytes.net,add
online-casino-search.com,add
online-casinos-707.net,add
online-casinos-789.com,add
online-casinos.ws,add
online-casinosgambling.com,add
online-gambling-directory.com,add
online-poker-inside.com,add
online-poker-winner.com,add
online-pokerratings.info,add
online-slot-machine.net,add
onlinecasino-777.net,add
onlinecasino-guide.com,add
onlinecasino.co.za,add
onlinecasino.com,add
onlinecasino.eu,add
onlinecasinoclub.com,add
onlinecasinodirectory.com,add
onlinecasinogoldenpalace.com,add
onlinecasinoroyal.com,add
onlinegambling.com,add
onlinepoker.com,add
onlinepoker66.com,add
onlineslotmachine.org,add
onlinevegas.com,add
osga.com,add
owncasino.com,add
pachinkocasino.com,add
pacificpoker.com,add
packbarre.com,add
palmascasino.com,add
pamestoixima.gr,add
parierenligne.com,add
parieurs-sportifs.com,add
parions974.fr,add
parionsweb.fr,add
paris-poker-casinos.info,add
paris365.fr,add
parisblvdcasino.com,add
parisiancasino.com,add
parissportifsonline.com,add
parktowercasino.com,add
partouche-game.com,add
partouche.fr,add
partouchepokertour.fr,add
parttimepoker.com,add
partybets.fr,add
partypoker.com,add
partypoker.fr,add
peoplesbet.fr,add
peoplesnetwork.fr,add
perform-casino.com,add
piggspeak.co.za,add
pimpcasino.com,add
pinupkado.com,add
pkr.com,add
pkr.fr,add
place2gamble.com,add
placedesparis.fr,add
placemybet.com,add
placemybet.net,add
planetecasino.com,add
planetsoldier.com,add
planetunreal.com,add
play2wincasino.net,add
play4prizes.com,add
playersbet.com,add
playersclubcasino.com,add
playonlinegamez.com,add
playwinningpoker.com,add
pmu.fr,add
pocker-games.com,add
pocketfives.com,add
pogo.com,add
pointspreadnews.com,add
poker-academie.com,add
poker-attitude.com,add
poker-fr-online.info,add
poker-fun.org,add
poker-proxy.com,add
poker-terms.co.uk,add
poker.com,add
poker.cz,add
poker.fr,add
poker.gioco888.com,add
poker.loilier.net,add
poker.org,add
poker13.fr,add
poker365.fr,add
poker500.com,add
poker770.com,add
poker770.fr,add
poker83.fr,add
pokeralille.com,add
pokerarena.cz,add
pokercast.tv,add
pokercheckraise.com,add
pokerdu.com,add
pokerenligne.net,add
pokerfreerollsonline.com,add
pokergambling.com,add
pokergratuit.com,add
pokergratuit.fr,add
pokergratuit.org,add
pokerholdemgratuit.net,add
pokerhouse.co.uk,add
pokerhuis.nu,add
pokeride.net,add
pokerjeux.net,add
pokerjunkie.com,add
pokerligne.org,add
pokerlistings.com,add
pokerlistings.fr,add
pokerlistings.it,add
pokerloco.com,add
pokernet.com,add
pokernetonline.com,add
pokernews.com,add
pokernonstop.ru,add
pokerpage.biz,add
pokerpartnership.com,add
pokerparty.com,add
pokerportal.sc,add
pokersavvy.com,add
pokersite.com,add
pokersites.com,add
pokerstars.com,add
pokerstars.fr,add
pokerstars.net,add
pokersubito.fr,add
pokersupplies.com,add
pokertube.com,add
pokeruitleg.info,add
pokerupdates.com,add
pokerworks.com,add
pokerworld.com,add
pokerxtrem.fr,add
premiercasinoevents.com,add
primecasino.com,add
princemonacocasino.com,add
privatecasino.com,add
pronosoft.com,add
ptc.creadunet.com,add
purevegascasino.com,add
racingcasino.com,add
rapido-casinos.com,add
raquelscasino.com,add
realcasinosonline.com,add
recreland.com,add
redkings.com,add
rendezvouscasino.com,add
rentabiliser-internet.fr,add
reviewed-casinos.com,add
rhapsodydirect.com,add
riverbelle.com,add
riverbellecasino.com,add
romancasino.com,add
roobet.com,add
roobet.gg,add
roulette-systems.com,add
roxypalace.com,add
royal-flamingo-casino.com,add
royalvegaspoker.com,add
rubyfortune.com,add
rubyroyal.com,add
rushmoreonline.com,add
rvcasino.com,add
safari-casino.com,add
safaricasino.com,add
sajoo.fr,add
samfarha.com,add
sanfelipecasino.com,add
sapphirecasino.com,add
scppa.johnklein.net,add
scratch2cash.com,add
searchbet.com,add
sev4ifmxa.com,add
sierragoldcasino.com,add
silvermooncasino.com,add
silvernuggetcasino.com,add
silversandscasino.co.za,add
silversandscasino.com,add
silverstarcasino.com,add
sitepourjouer.com,add
skill7.com,add
skybook.com,add
skykingscasino.com,add
slots-info.com,add
slotsgalore.com,add
slotstipper.com,add
soccerbetting.info,add
soccertipsking.com,add
spinpalace.com,add
sport-trader.com,add
sportingbet.com,add
sportingbet.com.au,add
sportnco.fr,add
sports-betting-wagering.com,add
sportsbettinglinks.com,add
sportsbookbetting.com,add
sportsbooks.net,add
sportshandicappingforum.com,add
squaregamer.com,add
stanleycasinos.com,add
star-poker.info,add
starluckcasino.com,add
starmedia.com,add
starzcasino.com,add
stoiximan.gr,add
strategie-casino.com,add
strikeitluckycasino.com,add
sub-list.com,add
super-poker.info,add
superbet.com,add
supercasino.axome.com,add
superenalottonline.com,add
superiorcasino.com,add
superiorcasinos.com,add
superrapide.com,add
superslots.com,add
supremecasino.com,add
supremeplay.net,add
surf-barre.com,add
surf-heures.com,add
surfeurdor.com,add
survivoronlinecasino.com,add
swisstalk.ch,add
t4cgamers.com,add
tab.com.au,add
texasholdem.com,add
texasholdem24-7.com,add
thecasinoinfo.com,add
thecasinolisting.com,add
thecasinos.co.uk,add
thecasinoweb.com,add
thegamblersedge.com,add
thegreek.com,add
thepokerforum.com,add
thespinroom.com,add
thesportsboard.com,add
thesportsmancasino.com,add
thesportsmonitor.com,add
thunderluck.com,add
thuneo.com,add
tiberian.com,add
tickerassist.co.uk,add
tipp24games.de,add
tipp3.at,add
titan-poker.ws,add
titan.fr,add
titanpartners.fr,add
titanpoker.com,add
titanpoker.fr,add
titanpokersetup.com,add
tobet.com,add
topcasinovirtuel.com,add
topdescasinos.com,add
topratedcasinos.com,add
toucancasino.com,add
toutgagner.com,add
tragaperras.ws,add
tribupoker.com,add
tribupoker.fr,add
triple-a-casino.com,add
trojancasino.com,add
tropicalbet.com,add
tropicalislandcasino.com,add
truebluecasinoguide.com,add
truepoker.com,add
trustedcasinos.com,add
twoplustwo.com,add
ubetcasino.com,add
ukcasinoclub.com,add
ultimatebet.com,add
un-max-de-revenus.com,add
unibet-poker.fr,add
unibet.com,add
unibet.fr,add
unibet.net,add
unibetland.com,add
usapokerportal.com,add
usaslots.com,add
uvindthethier.nl,add
vblackjack.net,add
vegascasinoonline.net,add
vegascountrycasino.com,add
vegasfrontier.biz,add
vegasoddscasino.com,add
vegaspalms.com,add
vegasred.com,add
vegasslotcasino.com,add
vegastexasholdem.net,add
vegasvilla.com,add
videopokerclassic.com,add
villento.com,add
vipcasino.com,add
vipslots.com,add
virtual-casinos.org,add
virtual-soccer.net,add
virtualcitycasino.com,add
vistabet.com,add
wadoweb.com,add
wam-poker.com,add
warriorcasino.com,add
waveluxurycasino.net,add
webdopoker.com,add
whatcasino.com,add
where-to-gamble.com,add
wheretobet.com,add
wheretowin.com,add
whichbingo.com,add
wildjack.com,add
williamhill.com,add
williamhillcasino.com,add
winamax.com,add
winamax.fr,add
wincocopahcasino.com,add
winga.fr,add
winningbaccaratsystem.com,add
winpalaceeu2.im,add
winyourwager.com,add
won.net,add
wpt.fr,add
wsop.fr,add
www3.pokerroom.com,add
xpress-design.com,add
xtremegambling.com,add
yachting-casino.com,add
yourgamblingguide.com,add
zeb-poker.com,add
zegagnant.com,add
zeturf.com,add
zeturf.fr,add
zonadeazar.com.ar,add
zpoker.fr,add
200poker.fr,add
200pour100poker.fr,add
200pourcentpoker.fr,add
888poker.fr,add
acfpoker.fr,add
barrierepoker.fr,add
chilipoker.fr,add
jechope.com,add
pacificpoker.fr,add
parionsweb.fdj.fr,add
tranchant-poker.fr,add
tranchantpoker.fr,add
betdaq.com,add
sports.coral.co.uk,add
gatobet.com,add
interbet.com,add
starsports.bet,add
mansionbet.com,add
rubybet.com,add
virginbet.com,add
888sport.com,add
betfred.com,add
betvictor.com,add
megacasino.co.uk,add
skybet.com,add
stanjames.com,add
unibet.co.uk,add
jogossantacasa.pt,add
paddypower.com,add
novibet.co.uk,add
1xbet.com,add
2casinoallright.com,add
asperino.com,add
bwin.be,add
eu.casinomidas.com,add
fr.gratorama.com,add
fr.platinumplaycasino.com,add
fr.scratchmania.com,add
fr.unibet.be,add
fr.winorama.com,add
goldenstar-casino.com,add
intertops.eu,add
omnislots.com,add
secure.gratorama.com,add
uniquecasino.fr,add
wildblaster.com,add
10bet.com,add
188bet.com,add
1bet2bet.com,add
21grandcasino.com,add
5dimes.eu,add
allsport365.com,add
bitstarz.com,add
blitz.be,add
carousel.be,add
casino777.be,add
casinoadrenaline.com,add
casinoastral.me,add
casinobelgium.be,add
casinoblu.com,add
casinobordeaux.com,add
casinoextra2020.com,add
casinoextra2.com,add
casinoextra.com,add
casinograndluxe.com,add
casinoheroes.com,add
casinotriomphe.com,add
chericasino.com,add
circuscasino.fr,add
cityclubcasino.com,add
comeon.com,add
cresuscasino.com,add
gamepoint.com,add
goldenvegas.be,add
goldruncasino.com,add
happyhugo.com,add
jetbull.com,add
luckygames.be,add
machancefrance.com,add
madamechance.com,add
madnix.com,add
magicwins.be,add
majesticslotsclub.net,add
megacasino.com,add
megaslot.com,add
napoleongames.be,add
onextwo.com,add
osiriscasino.com,add
pariscasino6.com,add
parklaneecasino.com,add
poldercasino.com,add
racebets.com,add
redbet.com,add
silveroakcasino.com,add
slots500.com,add
stakes.com,add
starcasino.be,add
starcasinodice.be,add
starcasino.it,add
stargames.com,add
tropeziapalace.com,add
vegasplus.com,add
winner.com,add
jackpot.de,add
casinoonlinefrancais.info,add
jollycrowds.com,add
funplacewin.com,add
pulpower.com,add
jackone.de,add
royalvegas.com,add
grandonline.com,add
btggaming.com,add
jackpotcitycasino1.com,add
aceshigh.com,add
4online-gambling.com,add
onlinecasinotw.com,add
my11circle.com,add
cricbattle.com,add
mypowerplay11.com,add
fsl11.com,add
thecricketdraft.com,add
gamezy.com,add
cricketweb.net,add
fantasyclubsports.co.uk,add
mpl.live,add
myteam11.com,add
myteampoker.com,add
11wickets.com,add
halaplay.com,add
howzat.com,add
a23.com,add
ballebaazi.com,add
leaguex.com,add
bet9ja.com,add
unibet-42.com,add
mybet.de,add
netbet.co.uk,add
betsson37.com,add
codere.es,add
codere.com.co,add
codere.bet.ar,add
fuksiarz.pl,add
betfan.pl,add
efortuna.pl,add
sts.pl,add
iforbet.pl,add
betclic.pl,add
lvbet.pl,add
etoto.pl,add
betcris.pl,add
totolotek.pl,add
ebetx.pl,add
ewinner.pl,add
pzbuk.pl,add
noblebet.pl,add
superbet.pl,add
trafonline.pl,add
betfirstcasino.be,add
betfirst.dhnet.be,add
sports.caliente.mx,add
key-drop.com,add
csgoempire.com,add
gg.bet,add
csgoroll.com,add
gamdom.com,add
bounty.gg,add
thunderpick.com,add
rollbit.com,add
csgofast123.com,add
wtfskins.com,add
stake.com,add
loot.bet,add
daddyskins.com,add
hellcase.com,add
gg146.bet,add
duelbits.com,add
csgoluck.com,add
csgolive.com,add
csgojoker.com,add
hypedrop.com,add
vloot.io,add
society.gg,add
csgoatse.com,add
cs.deals,add
bets.net,add
rivalry.com,add
csgofast.com,add
bc.game,add
bustabit.com,add
bustadice.com,add
dream11.com,add
etherdice.io,add
24hoursportsbook.com,add
24ktgoldcasino.com,add
24ktgold.com,add
betano.com,add
1x001.com,add
0459js.com,add
bwin.de,add
slotilda.de,add
100fun.net,add
01-casino.com,add
00o.134mcp.com,add
1-casino-webcam.com,add
0dp.net,add
0571jjw.com,add
069.cc,add
020jkjk.com,add
roulette45.free.fr,add
multgame.com,add
sofascore.com,add
kto.com,add
888casino.com,add
888sport.it,add
bet365affiliates.com,add
brazino777.online,add
cbet.gg,add
cbetmirror.com,add
